Feature,Random_Forest_Importance,XGBoost_Importance
cd8_t_cell,0.2181947154884257,0.2082551
monocyte,0.20124293001178428,0.19921172
nk_cell,0.1988352914886504,0.1964792
b_cell,0.1964145301268609,0.19870633
cd4_t_cell,0.1853125328842789,0.19734766
