Model,Test_Accuracy,Test_ROC_AUC
Random Forest,0.5685279187817259,0.5576081728016126
XGBoost,0.5634517766497462,0.5515381267608861
