population,n_responders,n_non_responders,median_responders,median_non_responders,mean_responders,mean_non_responders,std_responders,std_non_responders,p_value,p_value_corrected,significant,effect_size,test_used,significance
cd4_t_cell,993,975,30.22056448672133,29.657607004517313,30.53780834185009,29.90226177625406,5.2049355317943595,4.8213901538401585,0.01334421881393762,0.01334421881393762,False,-0.06442740207090658,mann_whitney_u,ns
b_cell,993,975,9.432277716506485,9.788394525529014,9.797552613770158,9.996319710875161,3.320875905327067,3.1160538355024086,0.05570230973826624,0.05570230973826624,False,0.04981847290004393,mann_whitney_u,ns
nk_cell,993,975,14.509281611587447,14.799142593764923,14.84094427086041,15.07316621464659,4.129974268596378,3.7654535694946096,0.12105079820428571,0.12105079820428571,False,0.040367702119967985,mann_whitney_u,ns
monocyte,993,975,19.60969754287689,19.942332781511407,19.941763178422633,20.084327940698326,4.639913048624893,4.008866427909613,0.16315013268752876,0.16315013268752876,False,0.03631058434683809,mann_whitney_u,ns
cd8_t_cell,993,975,24.728022127013396,24.603067146867414,24.88193159509671,24.94392435752586,4.912006041803739,4.415000404772398,0.6390858847346418,0.6390858847346418,False,0.012211635293206236,mann_whitney_u,ns
